{"cameraMode":{"drawMode":0,"name":"Shaded","section":"Shading Mode"},"sceneLighting":true,"audioPlay":false,"sceneViewState":{"showFog":true,"showMaterialUpdate":false,"showSkybox":true,"showFlares":true,"showImageEffects":true,"showParticleSystems":true},"in2DMode":false,"pivot":{"x":293.71392822265627,"y":4.029788970947266,"z":307.5413513183594},"rotation":{"x":0.13858836889266969,"y":-0.3745459020137787,"z":0.05672680586576462,"w":0.915072500705719},"size":1.2438759803771973,"orthographic":false}